淘宝店铺名称,淘宝店铺链接,淘宝皇冠等级,好评率,描述评分,服务评分,物流评分,开店时间,是否有金牌认证,是否有消费者协议
美美大码服饰,https://shop103944295.taobao.com,18,99.33%,4.7,4.8,4.8,0,0,1
韩版美衣衣服饰,https://shop103506386.taobao.com,18,99.59%,4.8,4.8,4.8,0,1,1
都市女孩 高端服饰,https://shop101477518.taobao.com,18,98.92%,4.7,4.7,4.7,0,0,1
花姑子服饰,https://shop108733309.taobao.com,15,99.30%,4.7,4.8,4.8,2014-02-15,1,1
完美女孩高端服饰,https://shop103928154.taobao.com,15,99.18%,4.7,4.7,4.7,2013-05-05,0,1
悦在服饰,https://shop129032174.taobao.com,14,98.98%,4.8,4.8,4.8,0,0,1
因为有你胖妹妹服饰,https://shop112351567.taobao.com,15,99.60%,4.7,4.8,4.8,0,0,1
闺果服饰,https://shop255573702.taobao.com,14,99.92%,4.8,4.9,4.9,2016-09-01,0,1
度见胖妹妹服饰,https://shop102835148.taobao.com,12,98.83%,4.7,4.8,4.8,2013-03-18,1,1
法兮服饰—用心服务,https://shop70671754.taobao.com,11,99.15%,4.8,4.8,4.8,2012-02-26,0,1
李子酱胖妹妹服饰,https://shop112566019.taobao.com,12,99.65%,4.7,4.8,4.8,2014-08-03,0,1
咔哝服饰,https://shop123786715.taobao.com,16,98.86%,4.6,4.7,4.7,0,0,1
非凡魅力j服饰,https://shop70654589.taobao.com,15,99.26%,4.8,4.8,4.8,2012-02-25,1,1
CYANROSE 青蔷薇,https://shop60195376.taobao.com,18,99.58%,4.8,4.8,4.8,2009-12-23,1,1
完美妈妈服饰,https://shop108831871.taobao.com,16,99.41%,4.8,4.8,4.8,2014-02-19,1,1
惠美惠服饰,https://shop135852237.taobao.com,16,99.55%,4.8,4.8,4.8,0,1,1
木诗雅服饰,https://shop163444467.taobao.com,15,99.86%,4.7,4.8,4.8,0,0,1
杭典服饰 每晚8点上新,https://shop71332861.taobao.com,15,99.69%,4.8,4.8,4.9,2012-04-07,1,1
圣多墨原创服饰,https://shop104304419.taobao.com,14,99.51%,4.9,4.9,4.9,2013-05-22,1,1
玛氏嘉敏 线上线下同步发售,https://shop58372384.taobao.com,16,99.89%,4.9,4.9,4.9,2009-06-03,1,1
好又多服饰小铺,https://shop152777755.taobao.com,15,99.14%,4.7,4.8,4.8,2016-04-13,1,1
墨乔服饰,https://shop317917815.taobao.com,15,99.87%,4.7,4.8,4.8,0,0,1
吵吵家 Kaoka Studio服饰定制,https://shop65250519.taobao.com,16,99.44%,4.8,4.8,4.8,2011-03-05,1,1
天使娃娃服饰馆,https://shop62493945.taobao.com,15,99.63%,4.8,4.8,4.8,0,1,1
衣欣然服饰,https://shop65823471.taobao.com,15,99.36%,4.7,4.8,4.8,0,0,1
潮街区服饰公司,https://shop129651392.taobao.com,17,99.79%,4.8,4.8,4.8,0,1,1
恋装服饰,https://shop62093077.taobao.com,12,95.36%,4.8,4.8,4.8,2010-07-11,1,1
上海鸣企服饰LTD,https://shop110707158.taobao.com,12,98.63%,4.8,4.8,4.8,0,1,1
韩晨e服饰,https://shop103705721.taobao.com,15,99.05%,4.8,4.8,4.8,0,0,1
51嘻哈男装服饰,https://shop61224904.taobao.com,17,99.75%,4.8,4.9,4.8,2010-04-27,0,1
南乙NYHSUGOO,https://shop497435526.taobao.com,14,99.36%,4.7,4.8,4.8,0,1,1
羊绒服饰原创工厂店,https://shop199703946.taobao.com,12,98.85%,4.8,4.9,4.9,2018-07-03,1,1
飘扬服饰,https://shop63948421.taobao.com,16,99.64%,4.8,4.8,4.8,2010-12-15,0,1
芊芊服饰1号店,https://shop163195491.taobao.com,12,98.86%,4.8,4.8,4.8,2016-06-28,0,1
秋贝服饰,https://shop70376101.taobao.com,12,98.99%,4.8,4.8,4.8,2012-02-04,0,1
母后服饰,https://shop111279494.taobao.com,15,98.10%,4.7,4.7,4.7,0,1,1
树诚服饰厂,https://shop102377059.taobao.com,17,99.18%,4.7,4.8,4.8,0,1,1
南岛风大码女装微胖定制,https://shop71754260.taobao.com,17,99.31%,4.8,4.8,4.8,2012-05-05,0,1
苗苗服饰代购,https://shop106327664.taobao.com,14,94.66%,4.8,4.8,4.8,2013-09-10,1,1
女士短外套,https://shop111007678.taobao.com,15,99.23%,4.9,4.9,4.9,0,1,1
尚都比拉品牌女装清仓店,https://shop66171793.taobao.com,18,99.56%,4.8,4.8,4.8,2011-04-14,1,1
芈默原创服饰,https://shop155979769.taobao.com,16,99.42%,4.7,4.7,4.7,2016-05-02,0,1
花茵美服饰,https://shop58730165.taobao.com,11,99.65%,4.8,4.8,4.8,2009-07-13,1,1
彩森折扣企业店 每晚八点上新,https://shop105390634.taobao.com,14,99.30%,4.8,4.9,4.9,0,1,1
瑞丽衣橱服饰,https://shop58939647.taobao.com,12,98.89%,4.8,4.8,4.8,2009-08-07,0,1
英国服饰箱包代购,https://shop100438126.taobao.com,14,99.88%,4.8,4.8,4.8,2012-10-09,0,1
潮牌服饰正品代购,https://shop494552916.taobao.com,12,99.13%,4.6,4.6,4.6,0,0,1
韩都尚品 东大门服饰,https://shop103114990.taobao.com,16,99.74%,4.7,4.8,4.8,0,0,1
柒小姐服饰,https://shop72900369.taobao.com,15,99.73%,4.8,4.8,4.8,2012-07-21,1,1
小淑服饰668,https://shop128314231.taobao.com,11,94.94%,4.7,4.8,4.8,2015-08-06,0,1
衣品服饰品牌折扣店 思蓝轩,https://shop34151135.taobao.com,17,99.55%,4.8,4.8,4.9,2006-12-22,0,1
浩然服饰2013,https://shop103052514.taobao.com,14,99.56%,4.8,4.8,4.8,2013-03-26,1,1
唯珍服饰,https://shop119275841.taobao.com,13,99.26%,4.8,4.8,4.8,2015-04-12,1,1
领棠服饰高端名品,https://shop412856341.taobao.com,10,98.51%,4.8,4.9,4.9,2019-03-23,0,1
伟仔精品服饰,https://shop63980632.taobao.com,12,98.69%,4.8,4.8,4.8,2010-12-16,0,1
花花公子型格服饰,https://shop70818663.taobao.com,14,98.91%,4.9,4.9,4.9,0,1,1
韩潮品服饰,https://shop70583297.taobao.com,16,99.43%,4.8,4.8,4.8,2012-02-20,1,1
yy潮流精品女装严选,https://shop67507073.taobao.com,20,98.84%,4.8,4.8,4.8,2011-06-22,0,1
好运来 服饰,https://shop215929141.taobao.com,12,97.91%,4.7,4.8,4.8,2016-07-21,0,1
欧美范服饰壹店,https://shop60685096.taobao.com,14,99.42%,4.8,4.8,4.8,2010-03-09,1,1
瑾鱼服饰,https://shop70870758.taobao.com,12,98.74%,4.5,4.6,4.6,2012-03-09,0,1
女儿说手工服饰,https://shop119514122.taobao.com,13,99.83%,4.8,4.8,4.8,2015-04-14,1,1
玉儿美衣服饰,https://shop100538866.taobao.com,14,99.68%,4.7,4.8,4.8,0,0,1
皇森分享生活服饰 原创大码休闲女装,https://shop35698360.taobao.com,15,99.57%,4.8,4.8,4.8,2008-04-23,1,1
沐沧服饰,https://shop545896169.taobao.com,13,97.97%,4.7,4.8,4.8,0,0,1
QJQJ晴晴服饰,https://shop248165825.taobao.com,10,98.58%,4.9,4.9,4.9,0,1,1
蕊丫服饰,https://shop104380022.taobao.com,13,98.61%,4.7,4.8,4.8,0,0,1
康帅服饰妈妈装,https://shop36324952.taobao.com,14,99.61%,4.8,4.8,4.8,2008-09-08,1,1
旺潮服饰代购,https://shop103093667.taobao.com,13,98.96%,4.9,4.9,4.9,2013-03-28,1,1
一米外贸服饰店,https://shop117085349.taobao.com,13,99.63%,4.8,4.9,4.9,2015-03-10,1,1
宝儿家休闲服饰,https://shop118076212.taobao.com,12,99.02%,4.6,4.7,4.7,2015-03-30,0,1
翔雲阁服饰,https://shop116357116.taobao.com,11,97.51%,4.8,4.8,4.8,2015-01-13,1,1
小鱼儿外贸服饰 专注性价比十年,https://shop57075856.taobao.com,15,98.77%,4.7,4.8,4.8,0,1,1
花之语服饰,https://shop504435315.taobao.com,10,99.94%,4.9,4.9,4.9,2020-05-30,0,1
广州酷玛服饰企业店,https://shop128252630.taobao.com,13,99.42%,4.8,4.8,4.8,0,0,1
淘气简约服饰,https://shop106809330.taobao.com,13,99.62%,4.8,4.8,4.8,2013-10-13,1,1
依恋衣家服饰,https://shop111865294.taobao.com,13,99.28%,4.8,4.9,4.9,0,1,1
DAISY高档服饰,https://shop115552442.taobao.com,14,99.54%,4.7,4.8,4.8,2014-12-01,0,1
城市女装潮流服饰,https://shop105850580.taobao.com,16,99.25%,4.7,4.8,4.8,2013-08-12,1,1
传铖服饰品牌店,https://shop130158675.taobao.com,17,99.53%,4.8,4.8,4.8,0,1,1
寒奥服饰衣柜,https://shop109777409.taobao.com,14,99.52%,4.7,4.8,4.8,0,1,1
阔太太高端服饰,https://shop124182778.taobao.com,14,99.56%,4.8,4.8,4.9,2015-06-01,1,1
Well done 服饰,https://shop116777468.taobao.com,12,98.28%,4.5,4.7,4.7,2015-02-13,0,1
梵希蔓品牌清仓店,https://shop100008795.taobao.com,17,99.47%,4.8,4.8,4.8,0,1,1
天逸服饰品牌折扣店,https://shop60386266.taobao.com,14,99.45%,4.8,4.8,4.9,2010-01-16,1,1
童年回忆服饰母婴店,https://shop584742993.taobao.com,14,99.58%,4.7,4.7,4.7,0,0,1
依馨之恋服饰,https://shop69767877.taobao.com,13,98.13%,4.6,4.6,4.6,2011-11-23,0,1
舒丽雅服饰,https://shop106905109.taobao.com,13,98.99%,4.6,4.7,4.7,2013-10-19,0,1
人气服饰童衣店,https://shop35377346.taobao.com,15,98.60%,4.7,4.8,4.8,0,1,1
爱妈妈愛媽媽服饰,https://shop429840074.taobao.com,11,98.61%,4.4,4.6,4.6,2018-08-23,0,1
布音服饰,https://shop59008277.taobao.com,18,98.75%,4.6,4.7,4.7,2009-08-15,0,1
Bomp欧美街头服饰,https://shop61301445.taobao.com,15,99.46%,4.7,4.8,4.8,0,0,1
SF轻奢服饰,https://shop117700193.taobao.com,14,99.88%,4.9,4.9,4.9,2015-03-26,1,1
奥特莱斯品牌服饰折扣店,https://shop35157578.taobao.com,15,99.42%,4.8,4.8,4.8,2007-12-08,1,1
衣道外贸服饰,https://shop35780511.taobao.com,17,99.14%,4.8,4.8,4.8,2008-05-10,1,1
洽姿服饰,https://shop104425663.taobao.com,15,99.13%,4.8,4.9,4.9,2013-05-28,1,1
恒源祥正品惠兴服饰,https://shop113677242.taobao.com,13,99.10%,4.8,4.9,4.9,2014-09-19,1,1
DEAR栗原创设计女装,https://shop69082430.taobao.com,16,99.71%,4.8,4.9,4.9,2011-10-05,1,1
衣尚服饰品牌女装折扣店,https://shop33236281.taobao.com,16,99.41%,4.8,4.9,4.9,2005-08-20,1,1
町目家 韩国女装 每日上新,https://shop112510576.taobao.com,15,99.30%,4.7,4.8,4.8,0,1,1
唯情服饰企业店,https://shop148939352.taobao.com,13,99.40%,4.7,4.8,4.8,0,1,1
夏提雅大码服饰,https://shop452027344.taobao.com,15,99.40%,4.7,4.8,4.8,2018-11-06,1,1
中国服饰品质工厂店,https://shop218221827.taobao.com,12,97.97%,4.8,4.9,4.9,2018-07-04,0,1
三叶草服饰代购,https://shop102191094.taobao.com,16,99.57%,4.9,4.9,4.9,2013-02-09,1,1
酷美时尚潮服饰,https://shop154930847.taobao.com,12,99.38%,4.7,4.7,4.8,0,0,1
可凡小店 东大门服饰,https://shop116655243.taobao.com,14,99.33%,4.8,4.8,4.8,0,0,1
小猪家女装服饰,https://shop103268833.taobao.com,12,96.65%,4.4,4.5,4.6,2013-04-05,0,1
佳芸娜服饰,https://shop243511592.taobao.com,11,99.08%,4.8,4.9,4.9,2016-08-21,0,1
欧贝儿服饰,https://shop106102551.taobao.com,14,99.12%,4.7,4.7,4.8,2013-08-28,0,1
依佳女装服饰,https://shop108303745.taobao.com,13,99.70%,4.9,4.9,4.9,2014-01-05,0,1
金桂娜服饰贸易有限,https://shop102637672.taobao.com,13,99.25%,4.9,4.9,4.9,0,1,1
下午茶时光服饰,https://shop70003254.taobao.com,13,98.58%,4.9,4.9,4.9,2011-12-14,1,1
美眉时尚女装服饰,https://shop191338792.taobao.com,11,99.76%,4.8,4.8,4.8,2019-10-06,1,1
鑫炫服饰,https://shop263887556.taobao.com,13,99.58%,4.9,4.9,4.9,0,1,1
名芭服饰 欧尚欧洲站,https://shop70554665.taobao.com,15,99.58%,4.8,4.8,4.8,2012-02-18,0,1
九零后   外贸服饰,https://shop116968816.taobao.com,15,99.76%,4.8,4.8,4.8,2015-03-05,0,1
三木出品 专注6年精品男装,https://shop58780186.taobao.com,18,99.56%,4.8,4.8,4.8,0,1,1
布缺衣服饰,https://shop296693901.taobao.com,12,99.42%,4.7,4.7,4.8,2018-09-05,0,1
莫曼服饰,https://shop112485348.taobao.com,13,99.77%,4.8,4.8,4.8,0,1,1
嘻哈羊羊绒服饰,https://shop111195916.taobao.com,12,96.81%,4.8,4.9,4.8,2014-05-29,1,1
韩善服饰,https://shop130959025.taobao.com,13,99.05%,4.7,4.7,4.7,0,1,1
思美高端羊绒服饰直销店,https://shop363500097.taobao.com,12,99.41%,4.8,4.9,4.8,2018-04-05,1,1
平凡宝妈服饰,https://shop494517632.taobao.com,10,96.81%,4.4,4.4,4.5,2017-08-13,0,1
金小金自制女装,https://shop72260698.taobao.com,13,99.75%,4.7,4.8,4.8,2012-06-07,1,1
红姐服饰,https://shop286082180.taobao.com,13,98.74%,4.7,4.7,4.7,2016-12-29,1,1
靓依坊服饰,https://shop109547128.taobao.com,11,97.54%,4.6,4.7,4.8,0,0,1
奢姿服饰品牌店,https://shop35015850.taobao.com,15,99.35%,4.8,4.8,4.8,2007-11-04,1,1
碧缇福服饰,https://shop63759397.taobao.com,14,97.97%,4.9,4.9,4.9,2010-12-04,1,1
黑girl佐美服饰,https://shop100552773.taobao.com,14,99.44%,4.8,4.9,4.9,2012-10-16,1,1
四妹服饰,https://shop148928471.taobao.com,11,99.77%,4.7,4.8,4.8,2016-02-22,0,1
喵岛服饰工厂店,https://shop241180876.taobao.com,12,99.27%,4.6,4.6,4.7,2019-12-02,0,1
喵衣舍女装,https://shop136098903.taobao.com,18,99.10%,4.7,4.8,4.8,0,0,1
夏缘服饰,https://shop106547762.taobao.com,13,99.27%,4.8,4.8,4.8,2013-09-25,1,1
小艾快时尚服饰一号店,https://shop166008757.taobao.com,9,98.97%,4.7,4.8,4.8,2016-07-15,0,1
棉花朵朵儿童服饰,https://shop60309542.taobao.com,17,99.49%,4.8,4.8,4.8,0,1,1
浅浅服饰,https://shop284909447.taobao.com,13,99.76%,4.8,4.9,4.9,2017-03-24,1,1
梦缘服饰002,https://shop149498488.taobao.com,12,98.95%,4.9,4.9,4.9,2016-03-01,1,1
依依时尚潮流服饰,https://shop106733746.taobao.com,15,99.39%,4.8,4.9,4.9,2013-10-08,1,1
PEACE太平鸟,https://shop186933896.taobao.com,12,99.25%,4.8,4.9,4.9,0,0,1
可人时尚服饰低价优质,https://shop34757726.taobao.com,19,98.36%,4.7,4.7,4.7,2007-08-17,1,1
美人秀服饰大码女装店,https://shop66280271.taobao.com,15,99.68%,4.8,4.9,4.9,2011-04-19,0,1
胖人男装外贸服饰,https://shop103386569.taobao.com,15,99.70%,4.8,4.8,4.8,0,0,1
袖子美衣服饰,https://shop130215298.taobao.com,12,99.44%,4.9,4.9,4.9,2015-09-06,0,1
Demi服饰丨一家只卖裤子的店,https://shop72621643.taobao.com,13,99.72%,4.8,4.8,4.8,2012-07-02,1,1
猫梯服饰 猫梯折扣,https://shop123599272.taobao.com,14,99.51%,4.8,4.8,4.8,2015-05-24,1,1
墨凡企业服饰,https://shop151119012.taobao.com,11,98.88%,4.8,4.8,4.8,0,0,1
上海哲秀服饰,https://shop109293067.taobao.com,14,99.32%,4.8,4.8,4.9,2014-03-09,0,1
旺牌服饰代购,https://shop34450185.taobao.com,13,98.82%,4.9,4.9,4.9,2007-04-29,1,1
OB严选服饰,https://shop111053543.taobao.com,16,99.36%,4.8,4.8,4.8,0,1,1
偶然精品女装,https://shop68669306.taobao.com,15,99.30%,4.8,4.8,4.8,0,1,1
迈金服饰,https://shop71343924.taobao.com,15,99.68%,4.8,4.8,4.8,2012-04-08,1,1
米璐服饰,https://shop111536807.taobao.com,13,98.74%,4.7,4.7,4.7,2014-06-16,0,1
波比服饰,https://shop108260474.taobao.com,15,99.41%,4.7,4.8,4.8,2014-01-02,0,1
衣品男装休闲简约服饰,https://shop64537326.taobao.com,14,99.29%,4.8,4.8,4.8,0,1,1
十三行精品女装批发,https://shop103992988.taobao.com,15,99.51%,4.7,4.7,4.8,2013-05-07,1,1
韩职服饰企业店,https://shop292265928.taobao.com,11,99.76%,4.9,4.9,4.9,0,1,1
恒源祥品牌服饰工厂店AA,https://shop424408465.taobao.com,11,99.92%,4.8,4.8,4.8,2019-10-13,1,1
亿鑫服饰折扣店,https://shop145079517.taobao.com,13,99.70%,4.8,4.9,4.9,0,0,1
Little bears 服饰,https://shop148696435.taobao.com,14,99.88%,4.8,4.9,4.9,2016-02-18,0,1
尚美服饰工厂店,https://shop108565047.taobao.com,13,99.43%,4.7,4.8,4.8,0,0,1
香奈格服饰,https://shop73008651.taobao.com,12,98.45%,4.7,4.8,4.8,0,0,1
百魅阁服饰2019,https://shop265794800.taobao.com,9,99.04%,4.6,4.7,4.7,2019-05-14,0,1
瑶瑶服饰批发商场,https://shop73051152.taobao.com,14,99.86%,4.8,4.8,4.8,2012-08-01,0,1
南极人轻薄服饰企业店,https://shop105216785.taobao.com,15,99.50%,4.8,4.9,4.9,0,1,1
2022欧韩服饰批发,https://shop229253193.taobao.com,12,99.63%,4.8,4.9,4.9,2017-03-18,1,1
范思蓝恩官方企业店,https://shop64637274.taobao.com,14,99.45%,4.8,4.8,4.8,0,1,1
山东大唐服饰,https://shop65800461.taobao.com,13,98.86%,4.8,4.8,4.8,0,0,1
凶猛 阿宝,https://shop108748984.taobao.com,12,98.45%,4.9,4.9,4.9,2014-02-16,1,1
9魅 高端服装1折特卖,https://shop35041409.taobao.com,19,99.71%,4.8,4.9,4.9,2007-11-10,1,1
小辣椒潮流服饰店,https://shop107075047.taobao.com,13,99.18%,4.7,4.8,4.8,2013-10-27,0,1
秋尚佳人服饰,https://shop114760833.taobao.com,16,99.55%,4.6,4.7,4.7,0,0,1
卡布品质女装店铺,https://shop57700389.taobao.com,13,99.15%,4.7,4.8,4.8,2009-04-02,0,1
爱衣美服饰馆,https://shop108960507.taobao.com,14,99.44%,4.7,4.8,4.8,2014-02-24,1,1
MMCO 安娜家,https://shop67460030.taobao.com,17,99.66%,4.7,4.8,4.8,2011-06-20,0,1
妃语高端女装,https://shop104880455.taobao.com,16,99.45%,4.8,4.9,4.9,0,0,1
淘如意品质服饰,https://shop107831740.taobao.com,16,99.10%,4.8,4.8,4.8,0,1,1
微微家 独家定制,https://shop112519646.taobao.com,12,97.66%,4.8,4.9,4.9,2014-08-01,0,1
skateboard 滑板服饰,https://shop473258557.taobao.com,13,99.47%,4.6,4.7,4.7,2016-10-15,0,1
南丁格尔服饰销售中心,https://shop159472252.taobao.com,14,99.81%,4.8,4.8,4.8,2016-05-26,0,1
深圳铭薇服饰,https://shop36058710.taobao.com,16,99.68%,4.8,4.8,4.8,2008-07-09,1,1
依娜家大码女装服饰,https://shop123860500.taobao.com,15,98.96%,4.6,4.7,4.7,2015-05-27,0,1
星焱服饰工厂店,https://shop150110036.taobao.com,12,97.73%,4.8,4.8,4.8,0,1,1
卡薇服饰精品女装批发,https://shop102425040.taobao.com,9,96.08%,4.7,4.8,4.8,2013-02-28,1,1
吾家有衣民族风文艺棉麻旗袍特色潮款,https://shop68749201.taobao.com,18,98.83%,4.7,4.8,4.8,0,0,1
万艾肖地依舍,https://shop71458397.taobao.com,18,98.89%,4.6,4.7,4.7,2012-04-15,0,1
哲信服饰,https://shop127593626.taobao.com,13,99.50%,4.7,4.7,4.7,0,0,1
沛菡服装店,https://shop115575563.taobao.com,14,99.72%,4.8,4.8,4.8,2014-12-02,1,1
小魔女国度momo,https://shop123041988.taobao.com,18,98.65%,4.7,4.7,4.7,2015-05-18,1,1
兰亭坊服饰,https://shop101473767.taobao.com,15,99.47%,4.8,4.8,4.8,2012-12-10,1,1
南丁格尔医护服装店,https://shop67261628.taobao.com,15,99.09%,4.8,4.8,4.8,0,0,1
十三行女装批发零售店,https://shop145356212.taobao.com,12,98.98%,4.7,4.7,4.8,2016-01-15,1,1
chic韩系简约,https://shop113966944.taobao.com,11,99.04%,4.8,4.9,4.9,2014-10-02,0,1
Perrin 品质服饰,https://shop110722692.taobao.com,9,97.54%,4.7,4.7,4.8,2014-05-07,0,1
诺妍服饰,https://shop448305569.taobao.com,15,99.91%,4.7,4.8,4.8,0,0,1
北京MNYR服饰 专注中高端女装,https://shop65461052.taobao.com,13,99.37%,4.8,4.9,4.9,2011-03-14,1,1
十木米原创旅行服饰,https://shop65315216.taobao.com,15,99.80%,4.9,4.9,4.9,2011-03-08,1,1
佩端服饰,https://shop65524325.taobao.com,14,97.46%,4.7,4.8,4.8,0,0,1
云若茜服饰,https://shop130315685.taobao.com,13,99.11%,4.8,4.8,4.8,0,1,1
于MOMO女装定制,https://shop60552065.taobao.com,18,98.83%,4.8,4.8,4.8,2010-02-18,1,1
四秀服装商城,https://shop155011515.taobao.com,12,99.46%,4.7,4.7,4.7,0,0,1
GM家原创定制,https://shop128023606.taobao.com,15,99.73%,4.8,4.8,4.9,2015-08-01,0,1
露露品牌折扣服饰,https://shop581449613.taobao.com,14,99.45%,4.8,4.8,4.8,2017-03-14,0,1
韩都女装服饰馆,https://shop152392431.taobao.com,15,99.42%,4.6,4.7,4.7,2016-04-08,0,1
花花公子服饰集市店,https://shop110413999.taobao.com,15,99.25%,4.9,4.9,4.9,0,1,1
六六家大码女装商城,https://shop461749975.taobao.com,14,99.16%,4.7,4.8,4.8,2016-11-30,0,1
DAZZIT CASA卡莎家,https://shop137398528.taobao.com,13,99.46%,4.9,4.9,4.9,0,0,1
路牌服饰,https://shop100425930.taobao.com,15,99.27%,4.8,4.8,4.8,2012-10-08,1,1
小野猫 喵喵喵,https://shop135861973.taobao.com,11,97.65%,4.8,4.8,4.8,2015-10-03,1,1
米粒时尚服饰,https://shop136264191.taobao.com,12,98.50%,4.7,4.7,4.7,2015-10-08,0,1
涵涵女装服饰,https://shop129303164.taobao.com,11,94.55%,4.7,4.7,4.7,2015-08-22,0,1
魔豆家 外贸少女装,https://shop65140207.taobao.com,14,99.09%,4.8,4.8,4.8,2011-03-01,1,1
中老年妈妈装一号,https://shop102180430.taobao.com,15,99.74%,4.9,4.9,4.9,2013-02-07,1,1
叮叮欧洲站,https://shop127046902.taobao.com,14,99.53%,4.8,4.8,4.8,2015-07-16,0,1
代勒 格调 棉麻文艺小院,https://shop108786965.taobao.com,15,99.88%,4.8,4.8,4.8,0,1,1
清水溪汉初汉服  汉风服饰,https://shop58081025.taobao.com,16,99.80%,4.9,4.9,4.9,0,1,1
朗妮太太,https://shop36731143.taobao.com,16,99.63%,4.8,4.8,4.8,2008-11-24,1,1
韩饰服装 每天上新,https://shop100874380.taobao.com,16,98.28%,4.8,4.8,4.8,2012-11-05,1,1
最美服饰,https://shop62708852.taobao.com,15,99.13%,4.7,4.8,4.8,2010-09-08,1,1
葒葒火火服饰,https://shop107709332.taobao.com,12,97.96%,4.7,4.7,4.8,2013-11-28,0,1
霜华潮流服饰,https://shop148938064.taobao.com,11,99.36%,4.9,4.9,4.9,2016-02-22,1,1
MissL 高性价比品牌折扣服饰馆,https://shop34305593.taobao.com,13,99.67%,4.8,4.8,4.9,2007-03-09,1,1
林弯弯服饰潮牌男装,https://shop117246724.taobao.com,15,94.42%,4.6,4.7,4.7,2015-03-16,1,1
娇公主服饰1号店,https://shop115220032.taobao.com,12,99.15%,4.9,4.9,4.9,2014-11-19,1,1
大写的美 胖妞定制女装,https://shop150430223.taobao.com,16,99.89%,4.8,4.8,4.8,0,1,1
漂亮妈妈服饰,https://shop569550659.taobao.com,13,99.66%,4.7,4.8,4.8,2018-04-08,0,1
东方佳人服饰,https://shop102354045.taobao.com,14,99.04%,4.7,4.7,4.8,2013-02-25,1,1
柏拉德服饰有限公司,https://shop143516899.taobao.com,12,98.95%,4.8,4.8,4.8,0,0,1
宸嘟妮服饰,https://shop103784581.taobao.com,14,99.05%,4.8,4.8,4.8,2013-04-27,1,1
南通不2外贸服装批发,https://shop72288602.taobao.com,17,99.35%,4.8,4.8,4.9,0,1,1
耀川大码女装品牌店,https://shop124093206.taobao.com,15,99.62%,4.8,4.8,4.8,0,1,1
MIMIUS ULULU,https://shop35327974.taobao.com,18,99.52%,4.8,4.8,4.8,2008-01-28,0,1
馨缘女装服饰,https://shop131177087.taobao.com,12,99.48%,4.8,4.8,4.8,0,1,1
拿货8服装批发,https://shop61230331.taobao.com,15,98.61%,4.5,4.6,4.7,2010-04-27,0,1
木雅芊服饰,https://shop447165199.taobao.com,11,99.90%,4.9,4.9,4.9,2020-03-04,1,1
卓男世家服饰,https://shop71250299.taobao.com,14,99.08%,4.7,4.7,4.7,2012-04-01,0,1
琇灵伊服饰,https://shop70044316.taobao.com,12,98.77%,4.8,4.8,4.8,0,1,1
丽人精品女装服饰店,https://shop114260282.taobao.com,12,99.34%,4.7,4.7,4.7,2014-10-14,0,1
宝实原创民族风文艺棉麻复古女装,https://shop73351418.taobao.com,17,99.13%,4.7,4.8,4.8,0,0,1
李小姐精品服饰工厂店,https://shop128026672.taobao.com,13,99.17%,4.8,4.8,4.8,2015-08-01,0,1
高端服饰大厂直销,https://shop65496938.taobao.com,10,99.57%,4.8,4.9,4.9,2011-03-15,0,1
芯雨奢品服饰,https://shop416680749.taobao.com,12,99.50%,4.7,4.8,4.8,2020-02-25,1,1
范特惜女服装,https://shop572865318.taobao.com,13,99.54%,4.8,4.8,4.8,0,1,1
蝶恋服饰量贩店,https://shop396644081.taobao.com,9,99.43%,4.8,4.8,4.8,2020-05-03,0,1
MLBNY服饰官方店,https://shop266671114.taobao.com,12,99.83%,4.8,4.8,4.8,0,1,1
KOGirl 韩国服饰店 (KO定制),https://shop35464655.taobao.com,15,99.63%,4.8,4.8,4.8,2008-03-12,0,1
金源服饰8868,https://shop102410963.taobao.com,12,98.70%,4.8,4.8,4.8,2013-02-28,1,1
格格家女装潮衣馆,https://shop69841004.taobao.com,16,97.73%,4.7,4.7,4.7,2011-11-29,0,1
外贸尾单超强牛货,https://shop62267927.taobao.com,15,99.62%,4.8,4.8,4.8,2010-07-27,0,1
魔乐豆纯棉服饰,https://shop104234317.taobao.com,12,97.75%,4.8,4.8,4.8,2013-05-18,0,1
昂歌精品服饰批发,https://shop108709233.taobao.com,12,98.34%,4.7,4.7,4.7,2014-02-13,0,1
7彩girl服饰,https://shop328964911.taobao.com,12,99.86%,4.8,4.8,4.8,2017-12-31,1,1
卡兰语琪潮流女装,https://shop73103682.taobao.com,18,99.17%,4.7,4.7,4.8,2012-08-05,0,1
帕霏 原创女装,https://shop104135091.taobao.com,15,99.40%,4.8,4.9,4.9,2013-05-14,1,1
蝴蝶飞飞新店 专注精品服饰,https://shop36981248.taobao.com,15,99.95%,4.8,4.8,4.8,2009-01-07,1,1
艾尔尚品牌服饰,https://shop113484035.taobao.com,13,98.59%,4.9,4.9,4.9,2014-09-11,1,1
衣衣尚美服饰,https://shop468687936.taobao.com,9,97.30%,4.6,4.7,4.7,2017-08-13,0,1
魅丽依服饰,https://shop157213009.taobao.com,13,98.98%,4.7,4.7,4.8,2016-05-22,0,1
爱妈妈精品女装服饰,https://shop340620643.taobao.com,13,99.85%,4.9,4.9,4.9,2017-12-01,1,1
莱妮贝尔服饰,https://shop145373749.taobao.com,18,99.28%,4.7,4.7,4.8,0,1,1
真皮皮衣专属店铺,https://shop308516781.taobao.com,13,99.66%,4.8,4.8,4.9,2017-03-19,0,1
小蘑菇欧货女装,https://shop137662228.taobao.com,14,99.06%,4.6,4.7,4.7,2015-10-24,0,1
王子外贸裤子店,https://shop110177518.taobao.com,14,99.74%,4.8,4.8,4.8,2014-04-13,1,1
女主角实拍女装店,https://shop61117840.taobao.com,15,99.49%,4.7,4.8,4.8,2010-04-18,0,1
阁饰化大码服饰,https://shop111171417.taobao.com,11,97.56%,4.8,4.8,4.8,2014-05-28,1,1
Anny外贸女装批发,https://shop70386588.taobao.com,15,99.23%,4.7,4.8,4.8,0,0,1
玟佰服饰,https://shop135541665.taobao.com,14,99.39%,4.7,4.7,4.7,0,1,1
恒源祥企业销售店,https://shop166200459.taobao.com,11,99.53%,4.7,4.7,4.8,0,1,1
李夫人LZYTYZLT独家定制,https://shop156032675.taobao.com,12,98.88%,4.7,4.7,4.7,2016-05-03,0,1
日蕃谷,https://shop35032555.taobao.com,17,99.45%,4.8,4.8,4.8,2007-11-08,1,1
韩尚依人 高端服饰,https://shop220518988.taobao.com,13,99.29%,4.7,4.8,4.8,2017-05-24,1,1
only大女孩服饰,https://shop59003977.taobao.com,15,95.66%,4.5,4.6,4.7,2009-08-14,0,1
瑞丽人服饰,https://shop63230422.taobao.com,13,95.99%,4.7,4.8,4.8,2010-10-25,0,1
牧衣原创设计服饰,https://shop60246941.taobao.com,15,99.86%,4.9,4.9,4.9,2009-12-29,1,1
伦莲衣橱服饰店,https://shop65853866.taobao.com,13,98.80%,4.8,4.8,4.8,0,0,1
波波兔婴童服饰,https://shop68479605.taobao.com,15,98.16%,4.7,4.8,4.8,0,0,1
MZOMXO慕周慕夏,https://shop69778612.taobao.com,15,99.18%,4.8,4.8,4.8,2011-11-24,0,1
衣雅优服饰小店铺,https://shop154850550.taobao.com,8,96.11%,4.5,4.6,4.7,2016-04-14,0,1
奢姿大码女装企业店铺,https://shop130085882.taobao.com,15,99.49%,4.8,4.8,4.8,0,0,1
时代服饰女装,https://shop106792371.taobao.com,12,99.55%,4.8,4.8,4.8,2013-10-11,1,1
韩舍时尚网络服饰店,https://shop107681241.taobao.com,14,98.98%,4.7,4.8,4.8,2013-11-26,1,1
熳琪大小姐,https://shop106466312.taobao.com,12,99.52%,4.8,4.9,4.9,2013-09-19,1,1
C小姐精品服饰,https://shop107048205.taobao.com,12,97.09%,4.6,4.8,4.8,2013-10-25,0,1
胖哥儿服饰,https://shop68069644.taobao.com,15,99.09%,4.8,4.8,4.8,2011-07-27,1,1
兵姐大码服装店,https://shop124104256.taobao.com,14,99.50%,4.8,4.8,4.8,2015-05-30,0,1
Miss Alice潮流时尚女装,https://shop63299357.taobao.com,16,98.96%,4.7,4.8,4.8,2010-10-31,1,1
爱馨医护服饰,https://shop137868442.taobao.com,12,99.81%,4.8,4.8,4.8,2015-10-27,1,1
Z小样 欧韩女装实拍批发,https://shop461208018.taobao.com,12,99.24%,4.7,4.8,4.8,2017-06-04,0,1
恋衣芙服饰,https://shop71831424.taobao.com,13,99.28%,4.8,4.8,4.8,2012-05-10,1,1
DAIQIJIA黛琪家韩范儿女装,https://shop105680545.taobao.com,18,99.45%,4.7,4.8,4.8,2013-08-03,1,1
丹尼家,https://shop64351027.taobao.com,16,98.92%,4.8,4.8,4.8,2011-01-05,1,1
日着設計師服飾品牌,https://shop64329609.taobao.com,15,99.84%,4.9,4.9,4.9,2011-01-04,1,1
陌趣大码服饰,https://shop102471304.taobao.com,16,98.15%,4.6,4.7,4.8,2013-03-02,0,1
上海爱尚依品牌服饰,https://shop34338458.taobao.com,15,99.61%,4.8,4.9,4.9,2007-03-22,1,1
雨泽奶奶,https://shop128064331.taobao.com,15,99.76%,4.8,4.8,4.8,2015-08-02,1,1
二一衬衫服饰,https://shop103058780.taobao.com,15,99.72%,4.8,4.8,4.8,2013-03-27,1,1
小七 日韩衣舍,https://shop274621142.taobao.com,16,97.75%,0,0,0,0,0,0
舒心羊精品妈妈装,https://shop114161282.taobao.com,14,99.63%,4.8,4.8,4.8,2014-10-11,0,1
依丹纯服饰工厂店,https://shop102500713.taobao.com,14,99.16%,4.6,4.7,4.7,0,1,1
佛系少女和怪味少女,https://shop103398999.taobao.com,13,95.15%,4.2,4.4,4.5,2013-04-10,0,1
七号铺品牌折扣店 女装童装 每晚8点上新,https://shop136210853.taobao.com,18,99.84%,4.8,4.9,4.9,2015-10-07,1,1
茵茵女装厂家直销,https://shop102564501.taobao.com,9,99.43%,4.7,4.8,4.7,2013-03-06,0,1
YIMUFEI伊慕菲 高品质成衣工厂店,https://shop102279384.taobao.com,12,98.95%,4.7,4.8,4.8,2013-02-20,0,1
YES ONE原创服饰,https://shop71226408.taobao.com,17,98.68%,4.8,4.8,4.8,0,0,1
蜜思印女装,https://shop105812605.taobao.com,14,99.43%,4.7,4.8,4.8,2013-08-10,1,1
韩宝贝童装店,https://shop535929772.taobao.com,15,99.74%,4.7,4.7,4.8,0,1,1
ochirly官方奥莱店,https://shop112780979.taobao.com,15,99.07%,4.8,4.8,4.8,0,1,1
小姐姐服饰丨女装批发,https://shop255141085.taobao.com,12,98.30%,4.6,4.7,4.7,2017-05-09,0,1
旭日升中老年服饰,https://shop116076455.taobao.com,14,99.61%,4.8,4.8,4.8,2014-12-27,1,1
摩登十三妹 服装工作室,https://shop142958421.taobao.com,12,99.27%,4.8,4.8,4.8,2015-12-06,0,1
靓雅服装服饰店,https://shop115364197.taobao.com,12,98.26%,4.8,4.8,4.8,2014-11-24,1,1
CHENYALIN 陳雅琳,https://shop142197142.taobao.com,12,99.85%,4.9,4.9,4.9,2015-11-25,1,1
美丽坊服饰,https://shop63874937.taobao.com,13,98.00%,4.9,4.9,4.9,0,1,1
花缘原创民族风中国风旗袍汉服棉麻女装,https://shop71741530.taobao.com,17,99.38%,4.7,4.8,4.8,0,0,1
哥弟阿玛施正品服饰店,https://shop219859911.taobao.com,11,99.64%,4.9,4.9,4.9,0,0,1
美美哒vipshop服装店,https://shop71915858.taobao.com,11,98.32%,4.6,4.7,4.7,2012-05-16,0,1
独衣无二 东大门服饰,https://shop472644338.taobao.com,12,99.63%,4.7,4.8,4.8,2018-08-22,1,1
五号夜衣馆,https://shop253293978.taobao.com,13,99.43%,4.7,4.8,4.8,2018-04-04,0,1
咖咪雨 工作室 文艺棉麻研发基地,https://shop129049351.taobao.com,17,99.87%,4.8,4.8,4.8,0,1,1
逆风草品牌服饰,https://shop148336407.taobao.com,14,99.54%,4.7,4.8,4.8,2016-02-11,1,1
小艺家韩范女装,https://shop104522808.taobao.com,13,99.48%,4.7,4.8,4.8,2013-06-01,0,1
莉子家服饰,https://shop184664271.taobao.com,12,99.45%,4.8,4.8,4.8,2017-02-23,1,1
怪味男女中性潮流服饰,https://shop127161916.taobao.com,12,99.15%,4.7,4.7,4.7,2015-07-18,0,1
日韩服饰批发店,https://shop124328136.taobao.com,12,93.57%,4.3,4.4,4.4,2015-06-03,0,1
外贸精品休闲服饰店,https://shop105581056.taobao.com,12,98.64%,4.8,4.8,4.8,2013-07-28,1,1
小兔蹦迪,https://shop125003098.taobao.com,13,99.30%,4.8,4.8,4.8,2015-06-13,1,1
执着真丝,https://shop58985874.taobao.com,17,99.34%,4.7,4.8,4.8,2009-08-12,0,1
红绣儿,https://shop65753952.taobao.com,12,95.48%,4.7,4.8,4.7,2011-03-26,0,1
妈妈的衣柜更显年轻,https://shop104357884.taobao.com,11,94.58%,4.5,4.6,4.6,2013-05-24,0,1
Miss Gardenia韩国女装,https://shop68152996.taobao.com,14,99.09%,4.7,4.7,4.7,2011-08-02,1,1
性感大本营潮流女装,https://shop101775617.taobao.com,15,98.89%,4.7,4.7,4.7,0,1,1
MANK CSHI 原创服饰,https://shop144098816.taobao.com,11,97.90%,4.7,4.7,4.8,2015-12-23,0,1
everyoung 男女服装批发零售 每周二 六上午10点上新,https://shop151273494.taobao.com,15,99.32%,4.7,4.8,4.8,0,0,1
马尚美服装店,https://shop108912232.taobao.com,14,96.46%,4.6,4.7,4.7,2014-02-22,0,1
小雨女装,https://shop105861678.taobao.com,18,99.36%,4.7,4.8,4.8,2013-08-13,0,1
一佳柒,https://shop71418384.taobao.com,12,97.41%,4.8,4.8,4.8,2012-04-12,0,1
欧雨涵精品城,https://shop112749809.taobao.com,14,99.09%,4.6,4.7,4.7,2014-08-11,0,1
商场搬运工,https://shop257923116.taobao.com,11,99.89%,4.9,4.9,4.9,2019-09-27,1,1
北岸之约 文艺复古时尚女装,https://shop155561441.taobao.com,14,98.96%,4.8,4.8,4.8,2016-04-25,1,1
棉麻絮,https://shop116974290.taobao.com,13,99.64%,4.8,4.8,4.8,0,0,1
章大仙 FAIRY CHEUNG,https://shop320689578.taobao.com,10,99.85%,4.8,4.8,4.8,2019-06-11,1,1
胖mm有服啦  大码专店,https://shop111218544.taobao.com,14,98.71%,4.7,4.8,4.8,2014-05-30,0,1
SHANJIJI重工欧货女装工厂店,https://shop155247960.taobao.com,13,99.46%,4.8,4.8,4.8,0,1,1
俪人靓衣阁1,https://shop143130219.taobao.com,14,99.84%,4.9,4.9,4.9,2015-12-09,1,1
iZP STUDIO,https://shop128491565.taobao.com,16,99.65%,4.8,4.8,4.8,0,1,1
嘟嘟外贸女装批发,https://shop62352878.taobao.com,17,99.01%,4.7,4.8,4.8,2010-08-04,0,1
爱唯依企业店,https://shop546722604.taobao.com,12,99.71%,4.7,4.8,4.8,0,1,1
云之家 棉麻文艺复古民族风,https://shop115216622.taobao.com,15,98.59%,4.6,4.7,4.8,2014-11-18,0,1
维尼的春天高性价比品牌折扣店,https://shop65345378.taobao.com,15,99.71%,4.9,4.9,4.9,2011-03-09,1,1
刘西西服装小屋,https://shop155118365.taobao.com,4,53.46%,0,0,0,0,0,0
由旬服装工作室,https://shop69214212.taobao.com,14,99.65%,4.7,4.8,4.8,0,1,1
九美服饰有限公司,https://shop155024454.taobao.com,13,99.76%,4.8,4.8,4.8,0,1,1
疯狂哈伦,https://shop163033961.taobao.com,15,99.72%,4.8,4.9,4.9,0,1,1
中国虎门精品女装 一 大码服饰,https://shop60540580.taobao.com,15,99.70%,4.7,4.8,4.8,2010-02-11,1,1
西西里唯美女装,https://shop587977802.taobao.com,16,99.32%,4.7,4.7,4.7,2017-10-23,0,1
姐姐小铺四弟弟,https://shop35445432.taobao.com,18,99.11%,4.8,4.8,4.8,2008-03-08,1,1
小西瓜港代,https://shop121102429.taobao.com,13,99.79%,4.9,4.9,4.9,2015-04-28,1,1
依依念缘服饰,https://shop489964307.taobao.com,13,99.79%,4.7,4.8,4.8,2017-03-21,1,1
蘑菇衣街外贸女装批发,https://shop35514937.taobao.com,14,99.14%,4.8,4.8,4.8,0,0,1
fashion若诗茵女装服饰customize,https://shop70522398.taobao.com,15,99.35%,4.6,4.7,4.7,0,0,1
丝迹品牌折扣店,https://shop143791156.taobao.com,15,99.39%,4.7,4.8,4.8,0,0,1
花生女郎 森女文艺范,https://shop64139251.taobao.com,15,99.82%,4.8,4.9,4.9,0,0,1
林非服饰严选1,https://shop209148998.taobao.com,14,98.62%,4.7,4.7,4.8,2019-01-13,0,1
柠檬C 独家订制,https://shop109210153.taobao.com,15,99.51%,4.8,4.8,4.8,0,1,1
画续 棉麻女装文艺复古,https://shop57545467.taobao.com,16,99.27%,4.8,4.8,4.8,0,1,1
潮流服饰网购,https://shop582817939.taobao.com,13,99.57%,4.8,4.8,4.8,2018-03-05,1,1
倾月轩萱服饰,https://shop137194579.taobao.com,12,99.49%,4.7,4.7,4.8,2015-10-18,0,1
潮流馆男女服饰,https://shop129902179.taobao.com,10,96.83%,4.4,4.5,4.6,0,0,1
1988女装欧美日韩总部,https://shop63847927.taobao.com,14,99.25%,4.7,4.7,4.8,0,0,1
夏夏公主,https://shop35715045.taobao.com,16,99.49%,4.7,4.8,4.8,2008-04-26,0,1
百分之八 名媛性感女装,https://shop66149029.taobao.com,14,96.25%,4.6,4.7,4.7,2011-04-13,0,1
独品衣铺,https://shop150671918.taobao.com,13,99.63%,4.7,4.8,4.8,2016-03-15,0,1
番茄少女 TOMATO GIRL,https://shop131141690.taobao.com,11,97.48%,4.8,4.8,4.8,2015-09-21,0,1
蓝斯登牛仔,https://shop125945272.taobao.com,13,99.75%,4.8,4.9,4.9,0,0,1
Bingo! 轩轩家,https://shop60450736.taobao.com,15,99.54%,4.9,4.9,4.9,2010-01-25,1,1
虞都美人服饰有限公司,https://shop130692089.taobao.com,15,99.03%,4.7,4.7,4.7,0,0,1
苏唐太太,https://shop104298080.taobao.com,15,99.17%,4.8,4.8,4.8,2013-05-21,1,1
爱慕伊大码服饰,https://shop204906374.taobao.com,10,99.98%,4.9,4.9,4.9,0,0,1
CBX原创裤行,https://shop247219228.taobao.com,12,99.02%,4.8,4.8,4.8,2017-05-25,1,1
Xiao DJ,https://shop101386944.taobao.com,16,99.21%,4.8,4.8,4.8,0,1,1
生于八月你爱的那个,https://shop72965444.taobao.com,16,99.38%,4.7,4.8,4.8,2012-07-26,0,1
尉泽WEIZE大码女装,https://shop504604174.taobao.com,11,99.41%,4.7,4.8,4.8,0,0,1
米克宝贝校服,https://shop414880121.taobao.com,13,99.70%,4.8,4.8,4.8,0,1,1
MooreShow摩尔秀服饰,https://shop142072387.taobao.com,14,99.80%,4.8,4.8,4.8,2015-11-23,0,1
夏之雪时尚服饰,https://shop65764647.taobao.com,13,98.99%,4.5,4.6,4.6,2011-03-27,0,1
湘茵打底服饰,https://shop103005002.taobao.com,13,96.88%,4.7,4.8,4.8,2013-03-25,0,1
周家恩SNAKE原创,https://shop504457873.taobao.com,14,99.83%,4.7,4.8,4.8,0,0,1
俏妈服装商城,https://shop104246262.taobao.com,15,99.53%,4.7,4.8,4.8,2013-05-19,1,1
汝韵旗袍,https://shop116745254.taobao.com,14,99.63%,4.8,4.8,4.8,2015-02-09,1,1
大萌家 Dm定制,https://shop102847144.taobao.com,16,99.05%,4.7,4.8,4.8,2013-03-18,1,1
流行时尚服饰店,https://shop59200426.taobao.com,13,98.03%,4.8,4.8,4.8,2009-09-07,0,1
扬情美装妈妈衣橱,https://shop73350476.taobao.com,15,99.38%,4.7,4.8,4.8,2012-08-24,1,1
小云服装潮流店,https://shop101431781.taobao.com,13,99.36%,4.8,4.8,4.8,2012-12-08,1,1
衣见倾心大码民族风棉麻批发零售,https://shop165840303.taobao.com,15,99.37%,4.7,4.8,4.8,2016-07-11,0,1
蝴蝶坊1号店,https://shop108895345.taobao.com,15,99.45%,4.7,4.7,4.7,2014-02-22,0,1
U Z外贸,https://shop71871441.taobao.com,12,99.37%,4.8,4.8,4.8,2012-05-13,1,1
菲菲家棉麻森系女装批发,https://shop101053834.taobao.com,16,99.21%,4.8,4.8,4.8,0,1,1
沫沫大码女装馆,https://shop70142863.taobao.com,16,98.84%,4.7,4.8,4.8,2011-12-27,1,1
蒲席布衣 棉麻复古女装,https://shop107831593.taobao.com,15,99.62%,4.8,4.8,4.9,2013-12-05,1,1
胖姐姐超大码女装,https://shop34463084.taobao.com,15,99.70%,4.8,4.8,4.8,2007-05-05,0,1
咕噜家企业店,https://shop275802758.taobao.com,14,99.99%,4.8,4.8,4.8,0,1,1
女装专柜521,https://shop115398296.taobao.com,10,97.08%,4.7,4.8,4.8,0,0,1
British style高端自制,https://shop116727477.taobao.com,12,99.79%,4.8,4.8,4.8,2015-02-07,1,1
桃桃性感潮衣馆,https://shop162714608.taobao.com,14,99.30%,4.6,4.6,4.7,2016-06-19,0,1
素依绣民族风女装批发,https://shop71658436.taobao.com,17,99.36%,4.8,4.8,4.8,2012-04-28,1,1
康康韩式女主播,https://shop65710356.taobao.com,11,98.83%,4.6,4.7,4.7,2011-03-24,0,1
初妃衣品,https://shop106489410.taobao.com,14,98.81%,4.7,4.8,4.8,2013-09-21,1,1
娅语针织服饰,https://shop62911971.taobao.com,14,98.81%,4.6,4.7,4.7,2010-09-27,0,1
佳人名品,https://shop109835414.taobao.com,13,99.45%,4.7,4.8,4.8,2014-03-30,1,1
张沫凡的服装店,https://shop60668500.taobao.com,14,98.45%,4.8,4.9,4.8,2010-03-07,1,1
富贵鸟服饰品牌店,https://shop298907830.taobao.com,12,99.16%,4.8,4.8,4.8,0,0,1
橘子衣站,https://shop126644431.taobao.com,13,99.35%,4.8,4.8,4.8,2015-07-10,0,1
天职银行职业装,https://shop135885392.taobao.com,14,99.57%,4.8,4.8,4.8,2015-10-03,0,1
闲暇时间,https://shop58614289.taobao.com,14,99.56%,4.8,4.9,4.9,2009-06-29,1,1
微微梦女装,https://shop122751879.taobao.com,11,98.96%,4.8,4.9,4.9,2015-05-15,1,1
浩东商店服装批发,https://shop107987327.taobao.com,17,99.19%,4.7,4.8,4.8,2013-12-14,0,1
淑依馆,https://shop69556120.taobao.com,14,98.30%,4.8,4.9,4.9,2011-11-07,1,1
依魅儿女装,https://shop152723194.taobao.com,11,96.00%,4.8,4.8,4.8,2016-04-12,0,1
Girdearliya原创 定制女装,https://shop129725923.taobao.com,12,99.43%,4.8,4.8,4.9,0,1,1
PLAYBOY男装服饰商城,https://shop102796128.taobao.com,9,95.49%,4.7,4.8,4.7,2013-03-16,0,1
织冷暖精品妈妈装,https://shop117028957.taobao.com,15,99.88%,4.8,4.8,4.8,2015-03-08,1,1
伊韵菡服饰,https://shop120907631.taobao.com,13,98.90%,4.7,4.8,4.8,2015-04-26,0,1
恒源祥四季服饰店,https://shop109810258.taobao.com,11,99.40%,4.9,4.9,4.9,0,1,1
文艺原创大码服装,https://shop128728726.taobao.com,12,99.30%,4.8,4.8,4.8,2015-08-13,0,1
听谣原创服饰,https://shop104986983.taobao.com,13,98.37%,4.7,4.8,4.8,2013-06-26,0,1
洋洋礼服租赁店,https://shop111258841.taobao.com,14,99.92%,4.9,4.9,4.9,2014-06-02,1,1
Easy GO易购,https://shop107783197.taobao.com,15,99.84%,4.9,4.9,4.9,2013-12-02,1,1
Shop Ping小米粒,https://shop284920712.taobao.com,10,91.78%,4.1,4.3,4.4,2017-04-13,0,1
贝小贝定制,https://shop183461746.taobao.com,13,99.83%,4.9,4.9,4.9,0,1,1
妈咪好宝宝童衣坊,https://shop135727857.taobao.com,14,99.34%,4.8,4.8,4.8,0,1,1
彤宝家童装,https://shop214540602.taobao.com,12,99.41%,4.6,4.6,4.6,2017-08-20,0,1
凯丽玉帛羊绒制品店,https://shop60483328.taobao.com,13,99.75%,4.8,4.9,4.9,2010-01-30,0,1
云帝包装,https://shop62241728.taobao.com,18,99.60%,4.8,4.8,4.8,0,0,1
暗夜天使 DARK ANGEL,https://shop70720165.taobao.com,14,98.97%,4.7,4.7,4.7,2012-02-29,0,1
阔涵儿童发饰精品店,https://shop70803030.taobao.com,16,99.03%,4.8,4.8,4.8,0,0,1
剑平纸箱 包装厂,https://shop65375319.taobao.com,17,99.50%,4.7,4.7,4.7,2011-03-10,0,1
憨豆龙母婴至爱店,https://shop293838219.taobao.com,13,99.71%,4.8,4.8,4.8,0,1,1
上海晨羽纸箱包装厂,https://shop109517139.taobao.com,16,99.45%,4.7,4.8,4.8,2014-03-17,1,1
以名海报,https://shop165940703.taobao.com,14,99.86%,4.8,4.8,4.8,2016-07-13,1,1
妈咪好宝宝童衣坊,https://shop135727857.taobao.com,14,99.34%,4.8,4.8,4.8,0,1,1
彤宝家童装,https://shop214540602.taobao.com,12,99.41%,4.6,4.6,4.6,2017-08-20,0,1
凯丽玉帛羊绒制品店,https://shop60483328.taobao.com,13,99.75%,4.8,4.9,4.9,2010-01-30,0,1
云帝包装,https://shop62241728.taobao.com,18,99.60%,4.8,4.8,4.8,2010-07-24,0,1
暗夜天使 DARK ANGEL,https://shop70720165.taobao.com,14,98.97%,4.7,4.7,4.7,2012-02-29,0,1
阔涵儿童发饰精品店,https://shop70803030.taobao.com,16,99.03%,4.8,4.8,4.8,0,0,1
剑平纸箱 包装厂,https://shop65375319.taobao.com,17,99.50%,4.7,4.7,4.7,2011-03-10,0,1
憨豆龙母婴至爱店,https://shop293838219.taobao.com,13,99.71%,4.8,4.8,4.8,0,1,1
上海晨羽纸箱包装厂,https://shop109517139.taobao.com,16,99.45%,4.7,4.8,4.8,2014-03-17,1,1
以名海报,https://shop165940703.taobao.com,14,99.86%,4.8,4.8,4.8,2016-07-13,1,1
Miss 玖玖小姐,https://shop458633443.taobao.com,12,99.62%,4.9,4.9,4.9,0,1,1
经典回顾丝绸馆,https://shop33279777.taobao.com,15,99.39%,4.8,4.9,4.9,2005-09-28,1,1
艾米旗菅店,https://shop170399027.taobao.com,10,98.56%,4.6,4.7,4.7,2018-08-19,0,1
韩菲越潮流女装,https://shop106053968.taobao.com,16,99.25%,4.7,4.7,4.7,2013-08-25,0,1
岱琪儿服装,https://shop148660889.taobao.com,13,99.35%,4.7,4.8,4.8,0,0,1
芸菲丽扬YUNFEILIYANG,https://shop157096567.taobao.com,17,98.80%,4.7,4.7,4.7,2016-05-20,1,1
曦宝贝妈妈装,https://shop102738157.taobao.com,13,98.63%,4.6,4.7,4.7,2013-03-14,0,1
靓妈衣舍自营店,https://shop73398722.taobao.com,13,99.50%,4.6,4.7,4.7,2012-08-28,0,1
雪莉家高端品质服装,https://shop324736578.taobao.com,11,98.41%,4.8,4.8,4.8,2019-12-27,0,1
潮流淘淘衣裳,https://shop66949244.taobao.com,16,98.73%,4.5,4.6,4.6,2011-05-22,0,1
littlebear小熊家童装,https://shop58341739.taobao.com,15,99.46%,4.8,4.8,4.8,0,1,1
凯丽玉帛羊绒制品店,https://shop60483328.taobao.com,13,99.75%,4.8,4.9,4.9,2010-01-30,0,1
云帝包装,https://shop62241728.taobao.com,18,99.60%,4.8,4.8,4.8,2010-07-24,0,1
暗夜天使 DARK ANGEL,https://shop70720165.taobao.com,14,98.97%,4.7,4.7,4.7,2012-02-29,0,1
阔涵儿童发饰精品店,https://shop70803030.taobao.com,16,99.03%,4.8,4.8,4.8,0,0,1
剑平纸箱 包装厂,https://shop65375319.taobao.com,17,99.50%,4.7,4.7,4.7,2011-03-10,0,1
憨豆龙母婴至爱店,https://shop293838219.taobao.com,13,99.71%,4.8,4.8,4.8,0,1,1
斑马线童装,https://shop72683079.taobao.com,14,99.05%,4.6,4.7,4.7,0,0,1
零上潮品,https://shop296483075.taobao.com,15,99.49%,4.8,4.8,4.8,0,0,1
以名海报,https://shop165940703.taobao.com,14,99.86%,4.8,4.8,4.8,2016-07-13,1,1
1357外贸女装2号,https://shop277955532.taobao.com,11,99.78%,4.8,4.9,4.9,0,0,1
缤纷少女服饰,https://shop136941742.taobao.com,12,99.16%,4.7,4.8,4.8,2015-10-15,0,1
曦韩衣舍打底铺,https://shop125290338.taobao.com,15,97.73%,4.7,4.7,4.7,2015-06-18,0,1
性感小喵,https://shop226383064.taobao.com,8,98.13%,4.7,4.7,4.7,2020-04-28,0,1
辛选高端服饰1号店,https://shop114843357.taobao.com,12,97.88%,4.7,4.8,4.7,2014-11-04,1,1
孝义妈妈装,https://shop155700662.taobao.com,15,99.55%,4.7,4.7,4.7,0,1,1
小阁楼民族风旗袍棉麻大码女装,https://shop436099608.taobao.com,11,99.66%,4.8,4.8,4.8,2019-10-21,1,1
伊人坊 职业装,https://shop121499406.taobao.com,13,99.81%,4.8,4.9,4.9,2015-05-02,1,1
前线欧洲站女装店,https://shop109245893.taobao.com,13,97.45%,4.4,4.5,4.6,2014-03-07,0,1
依然美品质女坊,https://shop114649560.taobao.com,14,99.53%,4.7,4.8,4.8,2014-10-28,1,1
童乐衣园,https://shop159558323.taobao.com,13,99.54%,4.8,4.8,4.8,0,1,1
小葡萄 HanFan女装,https://shop72602647.taobao.com,13,99.14%,4.7,4.8,4.8,2012-07-01,0,1
轩儿精品潮流女装,https://shop340816539.taobao.com,13,96.54%,4.4,4.5,4.5,0,0,1
嘉小仙org,https://shop151847720.taobao.com,13,96.01%,4.3,4.5,4.5,2016-03-31,0,1
戎昂服饰工厂店,https://shop60232201.taobao.com,11,99.38%,4.7,4.8,4.8,0,0,1
AK原创苼木之,https://shop60237312.taobao.com,13,99.36%,4.8,4.8,4.9,2009-12-28,1,1
对的时间 STUDIOS,https://shop62187862.taobao.com,15,99.02%,4.6,4.7,4.7,2010-07-20,0,1
夏夏天女装,https://shop136525343.taobao.com,13,99.04%,4.7,4.7,4.8,2015-10-10,1,1
韩迪雪店,https://shop149039686.taobao.com,16,99.45%,4.6,4.7,4.7,2016-02-24,0,1
衣艾芙居 efg,https://shop105411727.taobao.com,15,99.88%,4.8,4.9,4.9,2013-07-18,1,1
小橘美衣,https://shop108057788.taobao.com,15,99.79%,4.7,4.7,4.8,2013-12-18,0,1
古朴服饰企业官方店,https://shop441755716.taobao.com,13,99.78%,4.9,4.9,4.9,0,1,1
栗禾潮流服饰14店,https://shop145765671.taobao.com,10,99.18%,4.8,4.8,4.9,2016-01-23,1,1
茴雅,https://shop103096141.taobao.com,13,97.64%,4.7,4.8,4.8,0,0,1
时尚爱木偶服装店,https://shop108108717.taobao.com,11,96.87%,4.6,4.6,4.7,2013-12-21,0,1
十八印象女装,https://shop73323210.taobao.com,17,97.53%,4.6,4.7,4.7,2012-08-22,0,1
爱父母孝心店,https://shop288762780.taobao.com,14,99.56%,4.8,4.8,4.8,2016-08-26,1,1
fashion梦漫玫女装服饰shop,https://shop142320809.taobao.com,14,99.44%,4.6,4.7,4.7,0,0,1
好听好看的名字,https://shop357368237.taobao.com,12,99.23%,4.7,4.7,4.8,0,0,1
小丸新童装,https://shop222710754.taobao.com,11,99.42%,4.7,4.7,4.7,2017-11-23,0,1
